AgeGroup,AverageTimeSpent
18-24,5.285714285714286
25-34,4.824120603015075
35-44,5.258064516129032
45-54,4.991561181434599
55-64,4.823834196891192
